#483920,Vendor2024!
#129774,Pass#2024
#908312,Code2024@
#557019,Vend!1234
#624881,Acnt2024#
#302497,Sys2024*
#740158,Key2024?
#916204,Acc#5566
#288451,V2024!
#579003,Pwd2024$
#862110,Vendor#88
#410592,Secure2024@
#933801,Login2024!
#741269,Auth#2023
#105984,Data2024*
#667203,Key!7788
#892411,Control2024?
#203715,Gate#1234
#740692,Act2024@
#910526,Pw2024!
#347820,Vendor2023*
#561709,Sys#8899
#862475,Ctrl2024?
#197640,Chk2024@
#728501,Auth!5566
#354018,Acc2024#
#482711,Key2023$
#625904,Gate2024*
#730599,Secure#22
#584016,Vendor2024&
#996210,Pass2024!
#714329,Code#2024
#503820,Log2024?
#847162,Ctrl2024*
#120547,Vendor!44
#679254,Gate2024&
#402118,Key#55
#840961,Pwd2023?
#162579,Vend2024@
#274508,Auth2024!
#530947,Acc#7788
#639200,Secure2024$
#705913,Data2023@
#319745,Gate!2024
#204678,Pw#5566
#978312,Vendor2024?
#635490,Code2023*
#726019,Sys#2025
#542780,Key2024!
#164307,Acc2024$
#890514,Vendor#99
#712406,Gate2024@
#603297,Pass2023!
#781045,Auth#7788
#956420,Pw2024*
#168205,Ctrl2024#
#580449,Secure2023?
#321578,Vend2024$
#459302,Key2024*
#731904,Sys2024@
#865720,Gate!2024
#104928,Code#5566
#259784,Pass2024?
#602944,Vendor2023$
#845019,Acc2024!
#571842,Pwd#2024
#390154,Ctrl2024&
#698315,Gate2023*
#270481,Sys2024?
#433610,Vendor!2024
#971254,Secure#88
#209613,Code2024*
#852190,Data2024&
#614503,Pw2023@
#305702,Auth2024!
#140968,Gate#44
#456703,Key2024$
#820194,Vendor2024?
#162843,Acc2023*
#985470,Ctrl#2024
#530219,Sys!2024
#217980,Pw2024?
#690874,Data2024#
#841503,Vendor2023!
#705214,Acc#7788
#931552,Secure2024@
#398602,Code2024?
#189470,Key2024&
#960721,Gate2024!
#124685,Pass2023?
#578990,Sys#5566
#702314,Vendor2024$
#899127,Ctrl2024*
#652078,Acc2024?
#310586,Key!2023
#948610,Auth2024#
#861204,Pw2024@
#793056,Vendor#2025
#540729,Gate2024*
#208417,Secure2024!
